entry_num,timestamp,source_url,selected,num_heroes
0,1756478332.780749,https://overwatch.blizzard.com/en-us/rates/data/?map=all-maps&role=All&rq=0&input=Console&region=Americas&tier=All,"{'map': 'all-maps', 'role': 'All', 'rq': '0', 'input': 'Console', 'region': 'Americas', 'tier': 'All'}",44
1,1756478333.0287516,https://overwatch.blizzard.com/en-us/rates/data/?map=all-maps&role=All&rq=0&input=Console&region=Asia&tier=All,"{'map': 'all-maps', 'role': 'All', 'rq': '0', 'input': 'Console', 'region': 'Asia', 'tier': 'All'}",44
2,1756478333.2937493,https://overwatch.blizzard.com/en-us/rates/data/?map=all-maps&role=All&rq=0&input=Console&region=Europe&tier=All,"{'map': 'all-maps', 'role': 'All', 'rq': '0', 'input': 'Console', 'region': 'Europe', 'tier': 'All'}",44
3,1756478333.5607517,https://overwatch.blizzard.com/en-us/rates/data/?map=all-maps&role=All&rq=0&input=PC&region=Americas&tier=All,"{'map': 'all-maps', 'role': 'All', 'rq': '0', 'input': 'PC', 'region': 'Americas', 'tier': 'All'}",44
4,1756478333.8179717,https://overwatch.blizzard.com/en-us/rates/data/?map=all-maps&role=All&rq=0&input=PC&region=Asia&tier=All,"{'map': 'all-maps', 'role': 'All', 'rq': '0', 'input': 'PC', 'region': 'Asia', 'tier': 'All'}",44
5,1756478334.0800912,https://overwatch.blizzard.com/en-us/rates/data/?map=all-maps&role=All&rq=0&input=PC&region=Europe&tier=All,"{'map': 'all-maps', 'role': 'All', 'rq': '0', 'input': 'PC', 'region': 'Europe', 'tier': 'All'}",44
6,1756478334.3373904,https://overwatch.blizzard.com/en-us/rates/data/?map=all-maps&role=All&rq=1&input=Console&region=Americas&tier=All,"{'map': 'all-maps', 'role': 'All', 'rq': '1', 'input': 'Console', 'region': 'Americas', 'tier': 'All'}",44
7,1756478334.6031494,https://overwatch.blizzard.com/en-us/rates/data/?map=all-maps&role=All&rq=1&input=Console&region=Americas&tier=Bronze,"{'map': 'all-maps', 'role': 'All', 'rq': '1', 'input': 'Console', 'region': 'Americas', 'tier': 'Bronze'}",44
8,1756478334.8623593,https://overwatch.blizzard.com/en-us/rates/data/?map=all-maps&role=All&rq=1&input=Console&region=Americas&tier=Silver,"{'map': 'all-maps', 'role': 'All', 'rq': '1', 'input': 'Console', 'region': 'Americas', 'tier': 'Silver'}",44
9,1756478335.1237788,https://overwatch.blizzard.com/en-us/rates/data/?map=all-maps&role=All&rq=1&input=Console&region=Americas&tier=Gold,"{'map': 'all-maps', 'role': 'All', 'rq': '1', 'input': 'Console', 'region': 'Americas', 'tier': 'Gold'}",44
10,1756478335.3831391,https://overwatch.blizzard.com/en-us/rates/data/?map=all-maps&role=All&rq=1&input=Console&region=Americas&tier=Platinum,"{'map': 'all-maps', 'role': 'All', 'rq': '1', 'input': 'Console', 'region': 'Americas', 'tier': 'Platinum'}",44
11,1756478335.6380937,https://overwatch.blizzard.com/en-us/rates/data/?map=all-maps&role=All&rq=1&input=Console&region=Americas&tier=Diamond,"{'map': 'all-maps', 'role': 'All', 'rq': '1', 'input': 'Console', 'region': 'Americas', 'tier': 'Diamond'}",44
12,1756478335.926245,https://overwatch.blizzard.com/en-us/rates/data/?map=all-maps&role=All&rq=1&input=Console&region=Americas&tier=Master,"{'map': 'all-maps', 'role': 'All', 'rq': '1', 'input': 'Console', 'region': 'Americas', 'tier': 'Master'}",44
13,1756478336.1783898,https://overwatch.blizzard.com/en-us/rates/data/?map=all-maps&role=All&rq=1&input=Console&region=Americas&tier=Grandmaster,"{'map': 'all-maps', 'role': 'All', 'rq': '1', 'input': 'Console', 'region': 'Americas', 'tier': 'Grandmaster'}",44
14,1756478336.4378233,https://overwatch.blizzard.com/en-us/rates/data/?map=all-maps&role=All&rq=1&input=Console&region=Asia&tier=All,"{'map': 'all-maps', 'role': 'All', 'rq': '1', 'input': 'Console', 'region': 'Asia', 'tier': 'All'}",44
15,1756478336.725332,https://overwatch.blizzard.com/en-us/rates/data/?map=all-maps&role=All&rq=1&input=Console&region=Asia&tier=Bronze,"{'map': 'all-maps', 'role': 'All', 'rq': '1', 'input': 'Console', 'region': 'Asia', 'tier': 'Bronze'}",44
16,1756478336.9896145,https://overwatch.blizzard.com/en-us/rates/data/?map=all-maps&role=All&rq=1&input=Console&region=Asia&tier=Silver,"{'map': 'all-maps', 'role': 'All', 'rq': '1', 'input': 'Console', 'region': 'Asia', 'tier': 'Silver'}",44
17,1756478337.2532313,https://overwatch.blizzard.com/en-us/rates/data/?map=all-maps&role=All&rq=1&input=Console&region=Asia&tier=Gold,"{'map': 'all-maps', 'role': 'All', 'rq': '1', 'input': 'Console', 'region': 'Asia', 'tier': 'Gold'}",44
18,1756478338.3921654,https://overwatch.blizzard.com/en-us/rates/data/?map=all-maps&role=All&rq=1&input=Console&region=Asia&tier=Platinum,"{'map': 'all-maps', 'role': 'All', 'rq': '1', 'input': 'Console', 'region': 'Asia', 'tier': 'Platinum'}",44
19,1756478338.6997325,https://overwatch.blizzard.com/en-us/rates/data/?map=all-maps&role=All&rq=1&input=Console&region=Asia&tier=Diamond,"{'map': 'all-maps', 'role': 'All', 'rq': '1', 'input': 'Console', 'region': 'Asia', 'tier': 'Diamond'}",44
20,1756478338.9584415,https://overwatch.blizzard.com/en-us/rates/data/?map=all-maps&role=All&rq=1&input=Console&region=Asia&tier=Master,"{'map': 'all-maps', 'role': 'All', 'rq': '1', 'input': 'Console', 'region': 'Asia', 'tier': 'Master'}",44
21,1756478339.213868,https://overwatch.blizzard.com/en-us/rates/data/?map=all-maps&role=All&rq=1&input=Console&region=Asia&tier=Grandmaster,"{'map': 'all-maps', 'role': 'All', 'rq': '1', 'input': 'Console', 'region': 'Asia', 'tier': 'Grandmaster'}",44
22,1756478339.4941633,https://overwatch.blizzard.com/en-us/rates/data/?map=all-maps&role=All&rq=1&input=Console&region=Europe&tier=All,"{'map': 'all-maps', 'role': 'All', 'rq': '1', 'input': 'Console', 'region': 'Europe', 'tier': 'All'}",44
23,1756478339.7811062,https://overwatch.blizzard.com/en-us/rates/data/?map=all-maps&role=All&rq=1&input=Console&region=Europe&tier=Bronze,"{'map': 'all-maps', 'role': 'All', 'rq': '1', 'input': 'Console', 'region': 'Europe', 'tier': 'Bronze'}",44
24,1756478340.0404751,https://overwatch.blizzard.com/en-us/rates/data/?map=all-maps&role=All&rq=1&input=Console&region=Europe&tier=Silver,"{'map': 'all-maps', 'role': 'All', 'rq': '1', 'input': 'Console', 'region': 'Europe', 'tier': 'Silver'}",44
25,1756478340.2907245,https://overwatch.blizzard.com/en-us/rates/data/?map=all-maps&role=All&rq=1&input=Console&region=Europe&tier=Gold,"{'map': 'all-maps', 'role': 'All', 'rq': '1', 'input': 'Console', 'region': 'Europe', 'tier': 'Gold'}",44
26,1756478340.5567343,https://overwatch.blizzard.com/en-us/rates/data/?map=all-maps&role=All&rq=1&input=Console&region=Europe&tier=Platinum,"{'map': 'all-maps', 'role': 'All', 'rq': '1', 'input': 'Console', 'region': 'Europe', 'tier': 'Platinum'}",44
27,1756478340.8300118,https://overwatch.blizzard.com/en-us/rates/data/?map=all-maps&role=All&rq=1&input=Console&region=Europe&tier=Diamond,"{'map': 'all-maps', 'role': 'All', 'rq': '1', 'input': 'Console', 'region': 'Europe', 'tier': 'Diamond'}",44
28,1756478341.0885198,https://overwatch.blizzard.com/en-us/rates/data/?map=all-maps&role=All&rq=1&input=Console&region=Europe&tier=Master,"{'map': 'all-maps', 'role': 'All', 'rq': '1', 'input': 'Console', 'region': 'Europe', 'tier': 'Master'}",44
29,1756478341.337765,https://overwatch.blizzard.com/en-us/rates/data/?map=all-maps&role=All&rq=1&input=Console&region=Europe&tier=Grandmaster,"{'map': 'all-maps', 'role': 'All', 'rq': '1', 'input': 'Console', 'region': 'Europe', 'tier': 'Grandmaster'}",44
30,1756478341.592503,https://overwatch.blizzard.com/en-us/rates/data/?map=all-maps&role=All&rq=1&input=PC&region=Americas&tier=All,"{'map': 'all-maps', 'role': 'All', 'rq': '1', 'input': 'PC', 'region': 'Americas', 'tier': 'All'}",44
31,1756478341.8548527,https://overwatch.blizzard.com/en-us/rates/data/?map=all-maps&role=All&rq=1&input=PC&region=Americas&tier=Bronze,"{'map': 'all-maps', 'role': 'All', 'rq': '1', 'input': 'PC', 'region': 'Americas', 'tier': 'Bronze'}",44
32,1756478342.1119862,https://overwatch.blizzard.com/en-us/rates/data/?map=all-maps&role=All&rq=1&input=PC&region=Americas&tier=Silver,"{'map': 'all-maps', 'role': 'All', 'rq': '1', 'input': 'PC', 'region': 'Americas', 'tier': 'Silver'}",44
33,1756478342.3686442,https://overwatch.blizzard.com/en-us/rates/data/?map=all-maps&role=All&rq=1&input=PC&region=Americas&tier=Gold,"{'map': 'all-maps', 'role': 'All', 'rq': '1', 'input': 'PC', 'region': 'Americas', 'tier': 'Gold'}",44
34,1756478342.6340399,https://overwatch.blizzard.com/en-us/rates/data/?map=all-maps&role=All&rq=1&input=PC&region=Americas&tier=Platinum,"{'map': 'all-maps', 'role': 'All', 'rq': '1', 'input': 'PC', 'region': 'Americas', 'tier': 'Platinum'}",44
35,1756478342.914655,https://overwatch.blizzard.com/en-us/rates/data/?map=all-maps&role=All&rq=1&input=PC&region=Americas&tier=Diamond,"{'map': 'all-maps', 'role': 'All', 'rq': '1', 'input': 'PC', 'region': 'Americas', 'tier': 'Diamond'}",44
36,1756478343.1705544,https://overwatch.blizzard.com/en-us/rates/data/?map=all-maps&role=All&rq=1&input=PC&region=Americas&tier=Master,"{'map': 'all-maps', 'role': 'All', 'rq': '1', 'input': 'PC', 'region': 'Americas', 'tier': 'Master'}",44
37,1756478343.4308267,https://overwatch.blizzard.com/en-us/rates/data/?map=all-maps&role=All&rq=1&input=PC&region=Americas&tier=Grandmaster,"{'map': 'all-maps', 'role': 'All', 'rq': '1', 'input': 'PC', 'region': 'Americas', 'tier': 'Grandmaster'}",44
38,1756478343.698563,https://overwatch.blizzard.com/en-us/rates/data/?map=all-maps&role=All&rq=1&input=PC&region=Asia&tier=All,"{'map': 'all-maps', 'role': 'All', 'rq': '1', 'input': 'PC', 'region': 'Asia', 'tier': 'All'}",44
39,1756478343.9575062,https://overwatch.blizzard.com/en-us/rates/data/?map=all-maps&role=All&rq=1&input=PC&region=Asia&tier=Bronze,"{'map': 'all-maps', 'role': 'All', 'rq': '1', 'input': 'PC', 'region': 'Asia', 'tier': 'Bronze'}",44
40,1756478344.2172463,https://overwatch.blizzard.com/en-us/rates/data/?map=all-maps&role=All&rq=1&input=PC&region=Asia&tier=Silver,"{'map': 'all-maps', 'role': 'All', 'rq': '1', 'input': 'PC', 'region': 'Asia', 'tier': 'Silver'}",44
41,1756478344.4781878,https://overwatch.blizzard.com/en-us/rates/data/?map=all-maps&role=All&rq=1&input=PC&region=Asia&tier=Gold,"{'map': 'all-maps', 'role': 'All', 'rq': '1', 'input': 'PC', 'region': 'Asia', 'tier': 'Gold'}",44
42,1756478344.7293494,https://overwatch.blizzard.com/en-us/rates/data/?map=all-maps&role=All&rq=1&input=PC&region=Asia&tier=Platinum,"{'map': 'all-maps', 'role': 'All', 'rq': '1', 'input': 'PC', 'region': 'Asia', 'tier': 'Platinum'}",44
43,1756478344.9937499,https://overwatch.blizzard.com/en-us/rates/data/?map=all-maps&role=All&rq=1&input=PC&region=Asia&tier=Diamond,"{'map': 'all-maps', 'role': 'All', 'rq': '1', 'input': 'PC', 'region': 'Asia', 'tier': 'Diamond'}",44
44,1756478345.2523496,https://overwatch.blizzard.com/en-us/rates/data/?map=all-maps&role=All&rq=1&input=PC&region=Asia&tier=Master,"{'map': 'all-maps', 'role': 'All', 'rq': '1', 'input': 'PC', 'region': 'Asia', 'tier': 'Master'}",44
45,1756478345.5122626,https://overwatch.blizzard.com/en-us/rates/data/?map=all-maps&role=All&rq=1&input=PC&region=Asia&tier=Grandmaster,"{'map': 'all-maps', 'role': 'All', 'rq': '1', 'input': 'PC', 'region': 'Asia', 'tier': 'Grandmaster'}",44
46,1756478345.7667792,https://overwatch.blizzard.com/en-us/rates/data/?map=all-maps&role=All&rq=1&input=PC&region=Europe&tier=All,"{'map': 'all-maps', 'role': 'All', 'rq': '1', 'input': 'PC', 'region': 'Europe', 'tier': 'All'}",44
47,1756478346.034616,https://overwatch.blizzard.com/en-us/rates/data/?map=all-maps&role=All&rq=1&input=PC&region=Europe&tier=Bronze,"{'map': 'all-maps', 'role': 'All', 'rq': '1', 'input': 'PC', 'region': 'Europe', 'tier': 'Bronze'}",44
48,1756478346.2934322,https://overwatch.blizzard.com/en-us/rates/data/?map=all-maps&role=All&rq=1&input=PC&region=Europe&tier=Silver,"{'map': 'all-maps', 'role': 'All', 'rq': '1', 'input': 'PC', 'region': 'Europe', 'tier': 'Silver'}",44
49,1756478347.2390423,https://overwatch.blizzard.com/en-us/rates/data/?map=all-maps&role=All&rq=1&input=PC&region=Europe&tier=Gold,"{'map': 'all-maps', 'role': 'All', 'rq': '1', 'input': 'PC', 'region': 'Europe', 'tier': 'Gold'}",44
50,1756478347.4952047,https://overwatch.blizzard.com/en-us/rates/data/?map=all-maps&role=All&rq=1&input=PC&region=Europe&tier=Platinum,"{'map': 'all-maps', 'role': 'All', 'rq': '1', 'input': 'PC', 'region': 'Europe', 'tier': 'Platinum'}",44
51,1756478347.764521,https://overwatch.blizzard.com/en-us/rates/data/?map=all-maps&role=All&rq=1&input=PC&region=Europe&tier=Diamond,"{'map': 'all-maps', 'role': 'All', 'rq': '1', 'input': 'PC', 'region': 'Europe', 'tier': 'Diamond'}",44
52,1756478348.024925,https://overwatch.blizzard.com/en-us/rates/data/?map=all-maps&role=All&rq=1&input=PC&region=Europe&tier=Master,"{'map': 'all-maps', 'role': 'All', 'rq': '1', 'input': 'PC', 'region': 'Europe', 'tier': 'Master'}",44
53,1756478348.282405,https://overwatch.blizzard.com/en-us/rates/data/?map=all-maps&role=All&rq=1&input=PC&region=Europe&tier=Grandmaster,"{'map': 'all-maps', 'role': 'All', 'rq': '1', 'input': 'PC', 'region': 'Europe', 'tier': 'Grandmaster'}",44
